"","Epiweek1","Epiweek2","Epiweek3","Epiweek4","Epiweek5","Epiweek6","Epiweek7","Epiweek8","Epiweek9","Epiweek10","Epiweek11","Epiweek12","Epiweek13","Epiweek14","Epiweek15","Epiweek16","Epiweek17","Epiweek18","Epiweek19","Epiweek20","Epiweek21","Epiweek22","Epiweek23","Epiweek24","Epiweek25","Epiweek26","Epiweek27","Epiweek28","Epiweek29","Epiweek30","Epiweek31","Epiweek32","Epiweek33","Epiweek34","Epiweek35","Epiweek36","Epiweek37","Epiweek38","Epiweek39","Epiweek40","Epiweek41","Epiweek42","Epiweek43","Epiweek44","Epiweek45","Epiweek46","Epiweek47","Epiweek48","Epiweek49","Epiweek50","Epiweek51","Epiweek52","country"
"1","Red","Red","Red","Red","Red","Red","Red","Red","Red","Red","Red","Red","Red","Red","Red","Red","Red","Red","Red","Red","Red","Red","Red","Red","Red","Red","Red","Red","Red","Red","Red","Red","Red","Red","Red","Red","Red","Red","Red",NA,NA,NA,NA,NA,NA,NA,NA,NA,NA,NA,NA,NA,"Afghanistan"
"2","Amber","Amber","Amber","Amber","Amber","Amber","Amber","Amber","Amber","Amber","Amber","Amber","Amber","Amber","Amber","Amber","Amber","Amber","Amber","Amber","Amber","Amber","Amber","Amber","Amber","Amber","Amber","Amber","Amber","Amber","Amber","Amber","Amber","Amber","Amber","Amber","Amber","Amber","Amber",NA,NA,NA,NA,NA,NA,NA,NA,NA,NA,NA,NA,NA,"Albania"
"3","Amber","Amber","Amber","Amber","Amber","Amber","Amber","Amber","Amber","Amber","Amber","Amber","Amber","Amber","Amber","Amber","Amber","Amber","Amber","Amber","Amber","Amber","Amber","Amber","Amber","Amber","Amber","Amber","Amber","Amber","Amber","Amber","Amber","Amber","Amber","Amber","Amber","Amber","Amber",NA,NA,NA,NA,NA,NA,NA,NA,NA,NA,NA,NA,NA,"Algeria"
"4","Red","Red","Red","Red","Red","Red","Red","Red","Red","Red","Red","Red","Red","Red","Red","Red","Red","Red","Red","Red","Red","Red","Red","Red","Red","Red","Red","Red","Red","Red","Red","Red","Red","Red","Red","Red","Red","Red","Red",NA,NA,NA,NA,NA,NA,NA,NA,NA,NA,NA,NA,NA,"Angola"
"5","Green","Green","Green","Green","Green","Green","Green","Green","Green","Green","Green","Green","Green","Green","Green","Green","Green","Green","Green","Green","Green","Green","Green","Green","Green","Green","Green","Green","Green","Green","Green","Green","Green","Green","Green","Green","Green","Green","Green",NA,NA,NA,NA,NA,NA,NA,NA,NA,NA,NA,NA,NA,"Anguila"
"6","Green","Green","Green","Green","Green","Green","Green","Green","Green","Green","Green","Green","Green","Green","Green","Green","Green","Green","Green","Green","Green","Green","Green","Green","Green","Green","Green","Green","Green","Green","Green","Green","Green","Green","Green","Green","Green","Green","Green",NA,NA,NA,NA,NA,NA,NA,NA,NA,NA,NA,NA,NA,"Antigua and Barbuda"
"7","Red","Red","Red","Red","Red","Red","Red","Red","Red","Red","Red","Red","Red","Red","Red","Red","Red","Red","Red","Red","Red","Red","Red","Red","Red","Red","Red","Red","Red","Red","Red","Red","Red","Red","Red","Red","Red","Red","Red",NA,NA,NA,NA,NA,NA,NA,NA,NA,NA,NA,NA,NA,"Argentina"
"8","Amber","Amber","Amber","Amber","Amber","Amber","Amber","Amber","Amber","Amber","Amber","Amber","Amber","Amber","Amber","Amber","Amber","Amber","Amber","Amber","Amber","Amber","Amber","Amber","Amber","Amber","Amber","Amber","Amber","Amber","Amber","Amber","Amber","Amber","Amber","Amber","Amber","Amber","Amber",NA,NA,NA,NA,NA,NA,NA,NA,NA,NA,NA,NA,NA,"Armenia"
"9","Green","Green","Green","Green","Green","Green","Green","Green","Green","Green","Green","Green","Green","Green","Green","Green","Green","Green","Green","Green","Green","Green","Green","Green","Green","Green","Green","Green","Green","Green","Green","Green","Green","Green","Green","Green","Green","Green","Green",NA,NA,NA,NA,NA,NA,NA,NA,NA,NA,NA,NA,NA,"Australia"
"10","Amber","Amber","Amber","Amber","Amber","Amber","Amber","Amber","Amber","Amber","Amber","Amber","Amber","Amber","Amber","Amber","Amber","Amber","Amber","Amber","Amber","Amber","Amber","Amber","Amber","Amber","Amber","Amber","Amber","Amber","Amber","Green","Green","Green","Green","Green","Green","Green","Green",NA,NA,NA,NA,NA,NA,NA,NA,NA,NA,NA,NA,NA,"Austria"
"11","Amber","Amber","Amber","Amber","Amber","Amber","Amber","Amber","Amber","Amber","Amber","Amber","Amber","Amber","Amber","Amber","Amber","Amber","Amber","Amber","Amber","Amber","Amber","Amber","Amber","Amber","Amber","Amber","Amber","Amber","Amber","Amber","Amber","Amber","Amber","Amber","Amber","Amber","Amber",NA,NA,NA,NA,NA,NA,NA,NA,NA,NA,NA,NA,NA,"Azerbaijan"
"12","Amber","Amber","Amber","Amber","Amber","Amber","Amber","Amber","Amber","Amber","Amber","Amber","Amber","Amber","Amber","Amber","Amber","Amber","Amber","Amber","Amber","Amber","Amber","Amber","Amber","Amber","Amber","Amber","Amber","Amber","Amber","Amber","Amber","Amber","Green","Green","Green","Green","Green",NA,NA,NA,NA,NA,NA,NA,NA,NA,NA,NA,NA,NA,"Azores"
"13","Red","Red","Red","Red","Red","Red","Red","Red","Red","Red","Red","Red","Red","Red","Red","Red","Red","Red","Red","Red","Red","Red","Red","Red","Red","Red","Red","Red","Red","Red","Red","Red","Red","Red","Red","Red","Red","Red","Red",NA,NA,NA,NA,NA,NA,NA,NA,NA,NA,NA,NA,NA,"Bangladesh"
"14","Green","Green","Green","Green","Green","Green","Green","Green","Green","Green","Green","Green","Green","Green","Green","Green","Green","Green","Green","Green","Green","Green","Green","Green","Green","Green","Green","Green","Green","Green","Green","Green","Green","Green","Green","Green","Green","Green","Green",NA,NA,NA,NA,NA,NA,NA,NA,NA,NA,NA,NA,NA,"Barbados"
"15","Amber","Amber","Amber","Amber","Amber","Amber","Amber","Amber","Amber","Amber","Amber","Amber","Amber","Amber","Amber","Amber","Amber","Amber","Amber","Amber","Amber","Amber","Amber","Amber","Amber","Amber","Amber","Amber","Amber","Amber","Amber","Amber","Amber","Amber","Amber","Amber","Amber","Amber","Amber",NA,NA,NA,NA,NA,NA,NA,NA,NA,NA,NA,NA,NA,"Belarus"
"16","Amber","Amber","Amber","Amber","Amber","Amber","Amber","Amber","Amber","Amber","Amber","Amber","Amber","Amber","Amber","Amber","Amber","Amber","Amber","Amber","Amber","Amber","Amber","Amber","Amber","Amber","Amber","Amber","Amber","Amber","Amber","Amber","Amber","Amber","Amber","Amber","Amber","Amber","Amber",NA,NA,NA,NA,NA,NA,NA,NA,NA,NA,NA,NA,NA,"Belgium"
"17","Amber","Amber","Amber","Amber","Amber","Amber","Amber","Amber","Amber","Amber","Amber","Amber","Amber","Amber","Amber","Amber","Amber","Amber","Amber","Amber","Amber","Amber","Amber","Amber","Amber","Amber","Amber","Amber","Amber","Amber","Amber","Amber","Amber","Amber","Amber","Amber","Amber","Amber","Amber",NA,NA,NA,NA,NA,NA,NA,NA,NA,NA,NA,NA,NA,"Belize"
"18","Amber","Amber","Amber","Amber","Amber","Amber","Amber","Amber","Amber","Amber","Amber","Amber","Amber","Amber","Amber","Amber","Amber","Amber","Amber","Amber","Amber","Amber","Amber","Amber","Amber","Amber","Amber","Amber","Amber","Amber","Amber","Amber","Amber","Amber","Amber","Amber","Amber","Amber","Amber",NA,NA,NA,NA,NA,NA,NA,NA,NA,NA,NA,NA,NA,"Benin"
"19","Green","Green","Green","Green","Green","Green","Green","Green","Green","Green","Green","Green","Green","Green","Green","Green","Green","Green","Green","Green","Green","Green","Green","Green","Green","Green","Green","Green","Green","Green","Green","Green","Green","Green","Green","Green","Green","Green","Green",NA,NA,NA,NA,NA,NA,NA,NA,NA,NA,NA,NA,NA,"Bermuda"
"20","Red","Red","Red","Red","Red","Red","Red","Red","Red","Red","Red","Red","Red","Red","Red","Red","Red","Red","Red","Red","Red","Red","Red","Red","Red","Red","Red","Red","Red","Red","Red","Red","Red","Red","Red","Red","Red","Red","Red",NA,NA,NA,NA,NA,NA,NA,NA,NA,NA,NA,NA,NA,"Bolivia"
"21","Amber","Amber","Amber","Amber","Amber","Amber","Amber","Amber","Amber","Amber","Amber","Amber","Amber","Amber","Amber","Amber","Amber","Amber","Amber","Amber","Amber","Amber","Amber","Amber","Amber","Amber","Amber","Amber","Amber","Amber","Amber","Amber","Amber","Amber","Amber","Amber","Amber","Amber","Amber",NA,NA,NA,NA,NA,NA,NA,NA,NA,NA,NA,NA,NA,"Bosnia and Herzegovina          "
"22","Red","Red","Red","Red","Red","Red","Red","Red","Red","Red","Red","Red","Red","Red","Red","Red","Red","Red","Red","Red","Red","Red","Red","Red","Red","Red","Red","Red","Red","Red","Red","Red","Red","Red","Red","Red","Red","Red","Red",NA,NA,NA,NA,NA,NA,NA,NA,NA,NA,NA,NA,NA,"Botswana"
"23","Red","Red","Red","Red","Red","Red","Red","Red","Red","Red","Red","Red","Red","Red","Red","Red","Red","Red","Red","Red","Red","Red","Red","Red","Red","Red","Red","Red","Red","Red","Red","Red","Red","Red","Red","Red","Red","Red","Red",NA,NA,NA,NA,NA,NA,NA,NA,NA,NA,NA,NA,NA,"Brazil"
"24","Green","Green","Green","Green","Green","Green","Green","Green","Green","Green","Green","Green","Green","Green","Green","Green","Green","Green","Green","Green","Green","Green","Green","Green","Green","Green","Green","Green","Green","Green","Green","Green","Green","Green","Green","Green","Green","Green","Green",NA,NA,NA,NA,NA,NA,NA,NA,NA,NA,NA,NA,NA,"British Antarctic Territory"
"25","Green","Green","Green","Green","Green","Green","Green","Green","Green","Green","Green","Green","Green","Green","Green","Green","Green","Green","Green","Green","Green","Green","Green","Green","Green","Green","Green","Green","Green","Green","Green","Green","Green","Green","Green","Green","Green","Green","Green",NA,NA,NA,NA,NA,NA,NA,NA,NA,NA,NA,NA,NA,"British Indian Ocean Territory"
"26","Green","Green","Green","Green","Green","Green","Green","Green","Green","Green","Green","Green","Green","Green","Green","Green","Green","Green","Green","Green","Green","Green","Green","Green","Green","Green","Green","Green","Green","Green","Green","Green","Green","Green","Green","Green","Green","Green","Green",NA,NA,NA,NA,NA,NA,NA,NA,NA,NA,NA,NA,NA,"Brunei"
"27","Green","Green","Green","Green","Green","Green","Green","Green","Green","Green","Green","Green","Green","Green","Green","Green","Green","Green","Green","Green","Green","Green","Green","Green","Green","Green","Green","Green","Green","Green","Green","Green","Green","Green","Green","Green","Green","Green","Green",NA,NA,NA,NA,NA,NA,NA,NA,NA,NA,NA,NA,NA,"Bulgaria"
"28","Amber","Amber","Amber","Amber","Amber","Amber","Amber","Amber","Amber","Amber","Amber","Amber","Amber","Amber","Amber","Amber","Amber","Amber","Amber","Amber","Amber","Amber","Amber","Amber","Amber","Amber","Amber","Amber","Amber","Amber","Amber","Amber","Amber","Amber","Amber","Amber","Amber","Amber","Amber",NA,NA,NA,NA,NA,NA,NA,NA,NA,NA,NA,NA,NA,"Burkina Faso"
"29","Red","Red","Red","Red","Red","Red","Red","Red","Red","Red","Red","Red","Red","Red","Red","Red","Red","Red","Red","Red","Red","Red","Red","Red","Red","Red","Red","Red","Red","Red","Red","Red","Red","Red","Red","Red","Red","Red","Red",NA,NA,NA,NA,NA,NA,NA,NA,NA,NA,NA,NA,NA,"Burundi"
"30","Amber","Amber","Amber","Amber","Amber","Amber","Amber","Amber","Amber","Amber","Amber","Amber","Amber","Amber","Amber","Amber","Amber","Amber","Amber","Amber","Amber","Amber","Amber","Amber","Amber","Amber","Amber","Amber","Amber","Amber","Amber","Amber","Amber","Amber","Amber","Amber","Amber","Amber","Amber",NA,NA,NA,NA,NA,NA,NA,NA,NA,NA,NA,NA,NA,"Cambodia"
"31","Amber","Amber","Amber","Amber","Amber","Amber","Amber","Amber","Amber","Amber","Amber","Amber","Amber","Amber","Amber","Amber","Amber","Amber","Amber","Amber","Amber","Amber","Amber","Amber","Amber","Amber","Amber","Amber","Amber","Amber","Amber","Amber","Amber","Amber","Amber","Amber","Amber","Amber","Amber",NA,NA,NA,NA,NA,NA,NA,NA,NA,NA,NA,NA,NA,"Cameroon"
"32","Amber","Amber","Amber","Amber","Amber","Amber","Amber","Amber","Amber","Amber","Amber","Amber","Amber","Amber","Amber","Amber","Amber","Amber","Amber","Amber","Amber","Amber","Amber","Amber","Amber","Amber","Amber","Amber","Amber","Amber","Amber","Amber","Amber","Amber","Green","Green","Green","Green","Green",NA,NA,NA,NA,NA,NA,NA,NA,NA,NA,NA,NA,NA,"Canada"
"33","Red","Red","Red","Red","Red","Red","Red","Red","Red","Red","Red","Red","Red","Red","Red","Red","Red","Red","Red","Red","Red","Red","Red","Red","Red","Red","Red","Red","Red","Red","Red","Red","Red","Red","Red","Red","Red","Red","Red",NA,NA,NA,NA,NA,NA,NA,NA,NA,NA,NA,NA,NA,"Cape Verde"
"34","Green","Green","Green","Green","Green","Green","Green","Green","Green","Green","Green","Green","Green","Green","Green","Green","Green","Green","Green","Green","Green","Green","Green","Green","Green","Green","Green","Green","Green","Green","Green","Green","Green","Green","Green","Green","Green","Green","Green",NA,NA,NA,NA,NA,NA,NA,NA,NA,NA,NA,NA,NA,"Cayman Islands"
"35","Amber","Amber","Amber","Amber","Amber","Amber","Amber","Amber","Amber","Amber","Amber","Amber","Amber","Amber","Amber","Amber","Amber","Amber","Amber","Amber","Amber","Amber","Amber","Amber","Amber","Amber","Amber","Amber","Amber","Amber","Amber","Amber","Amber","Amber","Amber","Amber","Amber","Amber","Amber",NA,NA,NA,NA,NA,NA,NA,NA,NA,NA,NA,NA,NA,"Central African Republic        "
"36","Amber","Amber","Amber","Amber","Amber","Amber","Amber","Amber","Amber","Amber","Amber","Amber","Amber","Amber","Amber","Amber","Amber","Amber","Amber","Amber","Amber","Amber","Amber","Amber","Amber","Amber","Amber","Amber","Amber","Amber","Amber","Amber","Amber","Amber","Amber","Amber","Amber","Amber","Amber",NA,NA,NA,NA,NA,NA,NA,NA,NA,NA,NA,NA,NA,"Chad"
"37","Red","Red","Red","Red","Red","Red","Red","Red","Red","Red","Red","Red","Red","Red","Red","Red","Red","Red","Red","Red","Red","Red","Red","Red","Red","Red","Red","Red","Red","Red","Red","Red","Red","Red","Red","Red","Red","Red","Red",NA,NA,NA,NA,NA,NA,NA,NA,NA,NA,NA,NA,NA,"Chile"
"38","Amber","Amber","Amber","Amber","Amber","Amber","Amber","Amber","Amber","Amber","Amber","Amber","Amber","Amber","Amber","Amber","Amber","Amber","Amber","Amber","Amber","Amber","Amber","Amber","Amber","Amber","Amber","Amber","Amber","Amber","Amber","Amber","Amber","Amber","Amber","Amber","Amber","Amber","Amber",NA,NA,NA,NA,NA,NA,NA,NA,NA,NA,NA,NA,NA,"China"
"39","Red","Red","Red","Red","Red","Red","Red","Red","Red","Red","Red","Red","Red","Red","Red","Red","Red","Red","Red","Red","Red","Red","Red","Red","Red","Red","Red","Red","Red","Red","Red","Red","Red","Red","Red","Red","Red","Red","Red",NA,NA,NA,NA,NA,NA,NA,NA,NA,NA,NA,NA,NA,"Colombia"
"40","Amber","Amber","Amber","Amber","Amber","Amber","Amber","Amber","Amber","Amber","Amber","Amber","Amber","Amber","Amber","Amber","Amber","Amber","Amber","Amber","Amber","Amber","Amber","Amber","Amber","Amber","Amber","Amber","Amber","Amber","Amber","Amber","Amber","Amber","Amber","Amber","Amber","Amber","Amber",NA,NA,NA,NA,NA,NA,NA,NA,NA,NA,NA,NA,NA,"Congo"
"41","Red","Red","Red","Red","Red","Red","Red","Red","Red","Red","Red","Red","Red","Red","Red","Red","Red","Red","Red","Red","Red","Red","Red","Red","Red","Red","Red","Red","Red","Red","Red","Red","Red","Red","Red","Red","Red","Red","Red",NA,NA,NA,NA,NA,NA,NA,NA,NA,NA,NA,NA,NA,"Costa Rica"
"42","Amber","Amber","Amber","Amber","Amber","Amber","Amber","Amber","Amber","Amber","Amber","Amber","Amber","Amber","Amber","Amber","Amber","Amber","Amber","Amber","Amber","Amber","Amber","Amber","Amber","Amber","Amber","Amber","Amber","Amber","Amber","Amber","Amber","Amber","Amber","Amber","Amber","Amber","Amber",NA,NA,NA,NA,NA,NA,NA,NA,NA,NA,NA,NA,NA,"Cote d'Ivoire"
"43","Green","Green","Green","Green","Green","Green","Green","Green","Green","Green","Green","Green","Green","Green","Green","Green","Green","Green","Green","Green","Green","Green","Green","Green","Green","Green","Green","Green","Green","Green","Green","Green","Green","Green","Green","Green","Green","Green","Green",NA,NA,NA,NA,NA,NA,NA,NA,NA,NA,NA,NA,NA,"Croatia"
"44","Red","Red","Red","Red","Red","Red","Red","Red","Red","Red","Red","Red","Red","Red","Red","Red","Red","Red","Red","Red","Red","Red","Red","Red","Red","Red","Red","Red","Red","Red","Red","Red","Red","Red","Red","Red","Red","Red","Red",NA,NA,NA,NA,NA,NA,NA,NA,NA,NA,NA,NA,NA,"Cuba"
"45","Amber","Amber","Amber","Amber","Amber","Amber","Amber","Amber","Amber","Amber","Amber","Amber","Amber","Amber","Amber","Amber","Amber","Amber","Amber","Amber","Amber","Amber","Amber","Amber","Amber","Amber","Amber","Amber","Amber","Amber","Amber","Amber","Amber","Amber","Amber","Amber","Amber","Amber","Amber",NA,NA,NA,NA,NA,NA,NA,NA,NA,NA,NA,NA,NA,"Cyprus"
"46","Amber","Amber","Amber","Amber","Amber","Amber","Amber","Amber","Amber","Amber","Amber","Amber","Amber","Amber","Amber","Amber","Amber","Amber","Amber","Amber","Amber","Amber","Amber","Amber","Amber","Amber","Amber","Amber","Amber","Amber","Amber","Amber","Amber","Amber","Amber","Amber","Amber","Amber","Amber",NA,NA,NA,NA,NA,NA,NA,NA,NA,NA,NA,NA,NA,"Czech Republic"
"47","Red","Red","Red","Red","Red","Red","Red","Red","Red","Red","Red","Red","Red","Red","Red","Red","Red","Red","Red","Red","Red","Red","Red","Red","Red","Red","Red","Red","Red","Red","Red","Red","Red","Red","Red","Red","Red","Red","Red",NA,NA,NA,NA,NA,NA,NA,NA,NA,NA,NA,NA,NA,"Democratic Republic of Congo"
"48","Amber","Amber","Amber","Amber","Amber","Amber","Amber","Amber","Amber","Amber","Amber","Amber","Amber","Amber","Amber","Amber","Amber","Amber","Amber","Amber","Amber","Amber","Amber","Amber","Amber","Amber","Amber","Amber","Amber","Amber","Amber","Amber","Amber","Amber","Green","Green","Green","Green","Green",NA,NA,NA,NA,NA,NA,NA,NA,NA,NA,NA,NA,NA,"Denmark"
"49","Amber","Amber","Amber","Amber","Amber","Amber","Amber","Amber","Amber","Amber","Amber","Amber","Amber","Amber","Amber","Amber","Amber","Amber","Amber","Amber","Amber","Amber","Amber","Amber","Amber","Amber","Amber","Amber","Amber","Amber","Amber","Amber","Amber","Amber","Amber","Amber","Amber","Amber","Amber",NA,NA,NA,NA,NA,NA,NA,NA,NA,NA,NA,NA,NA,"Djibouti"
"50","Green","Green","Green","Green","Green","Green","Green","Green","Green","Green","Green","Green","Green","Green","Green","Green","Green","Green","Green","Green","Green","Green","Green","Green","Green","Green","Green","Green","Green","Green","Green","Green","Green","Green","Green","Green","Green","Green","Green",NA,NA,NA,NA,NA,NA,NA,NA,NA,NA,NA,NA,NA,"Dominica"
"51","Red","Red","Red","Red","Red","Red","Red","Red","Red","Red","Red","Red","Red","Red","Red","Red","Red","Red","Red","Red","Red","Red","Red","Red","Red","Red","Red","Red","Red","Red","Red","Red","Red","Red","Red","Red","Red","Red","Red",NA,NA,NA,NA,NA,NA,NA,NA,NA,NA,NA,NA,NA,"Dominican Republic"
"52","Red","Red","Red","Red","Red","Red","Red","Red","Red","Red","Red","Red","Red","Red","Red","Red","Red","Red","Red","Red","Red","Red","Red","Red","Red","Red","Red","Red","Red","Red","Red","Red","Red","Red","Red","Red","Red","Red","Red",NA,NA,NA,NA,NA,NA,NA,NA,NA,NA,NA,NA,NA,"Ecuador"
"53","Red","Red","Red","Red","Red","Red","Red","Red","Red","Red","Red","Red","Red","Red","Red","Red","Red","Red","Red","Red","Red","Red","Red","Red","Red","Red","Red","Red","Red","Red","Red","Red","Red","Red","Red","Red","Red","Red","Red",NA,NA,NA,NA,NA,NA,NA,NA,NA,NA,NA,NA,NA,"Egypt"
"54","Amber","Amber","Amber","Amber","Amber","Amber","Amber","Amber","Amber","Amber","Amber","Amber","Amber","Amber","Amber","Amber","Amber","Amber","Amber","Amber","Amber","Amber","Amber","Amber","Amber","Amber","Amber","Amber","Amber","Amber","Amber","Amber","Amber","Amber","Amber","Amber","Amber","Amber","Amber",NA,NA,NA,NA,NA,NA,NA,NA,NA,NA,NA,NA,NA,"El Salvador"
"55","Green","Green","Green","Green","Green","Green","Green","Green","Green","Green","Green","Green","Green","Green","Green","Green","Green","Green","Green","Green","Green","Green","Green","Green","Green","Green","Green","Green","Green","Green","Green","Green","Green","Green","Green","Green","Green","Green","Green",NA,NA,NA,NA,NA,NA,NA,NA,NA,NA,NA,NA,NA,"England"
"56","Red","Red","Red","Red","Red","Red","Red","Red","Red","Red","Red","Red","Red","Red","Red","Red","Red","Red","Red","Red","Red","Red","Red","Red","Red","Red","Red","Red","Red","Red","Red","Red","Red","Red","Red","Red","Red","Red","Red",NA,NA,NA,NA,NA,NA,NA,NA,NA,NA,NA,NA,NA,"Eritrea"
"57","Amber","Amber","Amber","Amber","Amber","Amber","Amber","Amber","Amber","Amber","Amber","Amber","Amber","Amber","Amber","Amber","Amber","Amber","Amber","Amber","Amber","Amber","Amber","Amber","Amber","Amber","Amber","Amber","Amber","Amber","Amber","Amber","Amber","Amber","Amber","Amber","Amber","Amber","Amber",NA,NA,NA,NA,NA,NA,NA,NA,NA,NA,NA,NA,NA,"Estonia"
"58","Red","Red","Red","Red","Red","Red","Red","Red","Red","Red","Red","Red","Red","Red","Red","Red","Red","Red","Red","Red","Red","Red","Red","Red","Red","Red","Red","Red","Red","Red","Red","Red","Red","Red","Red","Red","Red","Red","Red",NA,NA,NA,NA,NA,NA,NA,NA,NA,NA,NA,NA,NA,"Eswatini"
"59","Red","Red","Red","Red","Red","Red","Red","Red","Red","Red","Red","Red","Red","Red","Red","Red","Red","Red","Red","Red","Red","Red","Red","Red","Red","Red","Red","Red","Red","Red","Red","Red","Red","Red","Red","Red","Red","Red","Red",NA,NA,NA,NA,NA,NA,NA,NA,NA,NA,NA,NA,NA,"Ethiopia"
"60","Green","Green","Green","Green","Green","Green","Green","Green","Green","Green","Green","Green","Green","Green","Green","Green","Green","Green","Green","Green","Green","Green","Green","Green","Green","Green","Green","Green","Green","Green","Green","Green","Green","Green","Green","Green","Green","Green","Green",NA,NA,NA,NA,NA,NA,NA,NA,NA,NA,NA,NA,NA,"Falkland Islands"
"61","Green","Green","Green","Green","Green","Green","Green","Green","Green","Green","Green","Green","Green","Green","Green","Green","Green","Green","Green","Green","Green","Green","Green","Green","Green","Green","Green","Green","Green","Green","Green","Green","Green","Green","Green","Green","Green","Green","Green",NA,NA,NA,NA,NA,NA,NA,NA,NA,NA,NA,NA,NA,"Faroe Islands"
"62","Amber","Amber","Amber","Amber","Amber","Amber","Amber","Amber","Amber","Amber","Amber","Amber","Amber","Amber","Amber","Amber","Amber","Amber","Amber","Amber","Amber","Amber","Amber","Amber","Amber","Amber","Amber","Amber","Amber","Amber","Amber","Amber","Amber","Amber","Amber","Amber","Amber","Amber","Amber",NA,NA,NA,NA,NA,NA,NA,NA,NA,NA,NA,NA,NA,"Fiji"
"63","Amber","Amber","Amber","Amber","Amber","Amber","Amber","Amber","Amber","Amber","Amber","Amber","Amber","Amber","Amber","Amber","Amber","Amber","Amber","Amber","Amber","Amber","Amber","Amber","Amber","Amber","Amber","Amber","Amber","Amber","Amber","Amber","Amber","Amber","Green","Green","Green","Green","Green",NA,NA,NA,NA,NA,NA,NA,NA,NA,NA,NA,NA,NA,"Finland"
"64","Amber","Amber","Amber","Amber","Amber","Amber","Amber","Amber","Amber","Amber","Amber","Amber","Amber","Amber","Amber","Amber","Amber","Amber","Amber","Amber","Amber","Amber","Amber","Amber","Amber","Amber","Amber","Amber","Amber","Amber","Amber","Amber","Amber","Amber","Amber","Amber","Amber","Amber","Amber",NA,NA,NA,NA,NA,NA,NA,NA,NA,NA,NA,NA,NA,"France"
"65","Red","Red","Red","Red","Red","Red","Red","Red","Red","Red","Red","Red","Red","Red","Red","Red","Red","Red","Red","Red","Red","Red","Red","Red","Red","Red","Red","Red","Red","Red","Red","Red","Red","Red","Red","Red","Red","Red","Red",NA,NA,NA,NA,NA,NA,NA,NA,NA,NA,NA,NA,NA,"French Guiana"
"66","Amber","Amber","Amber","Amber","Amber","Amber","Amber","Amber","Amber","Amber","Amber","Amber","Amber","Amber","Amber","Amber","Amber","Amber","Amber","Amber","Amber","Amber","Amber","Amber","Amber","Amber","Amber","Amber","Amber","Amber","Amber","Amber","Amber","Amber","Amber","Amber","Amber","Amber","Amber",NA,NA,NA,NA,NA,NA,NA,NA,NA,NA,NA,NA,NA,"Gabon"
"67","Amber","Amber","Amber","Amber","Amber","Amber","Amber","Amber","Amber","Amber","Amber","Amber","Amber","Amber","Amber","Amber","Amber","Amber","Amber","Amber","Amber","Amber","Amber","Amber","Amber","Amber","Amber","Amber","Amber","Amber","Amber","Red","Red","Red","Red","Red","Red","Red","Red",NA,NA,NA,NA,NA,NA,NA,NA,NA,NA,NA,NA,NA,"Georgia"
"68","Amber","Amber","Amber","Amber","Amber","Amber","Amber","Amber","Amber","Amber","Amber","Amber","Amber","Amber","Amber","Amber","Amber","Amber","Amber","Amber","Amber","Amber","Amber","Amber","Amber","Amber","Amber","Amber","Amber","Amber","Amber","Green","Green","Green","Green","Green","Green","Green","Green",NA,NA,NA,NA,NA,NA,NA,NA,NA,NA,NA,NA,NA,"Germany"
"69","Amber","Amber","Amber","Amber","Amber","Amber","Amber","Amber","Amber","Amber","Amber","Amber","Amber","Amber","Amber","Amber","Amber","Amber","Amber","Amber","Amber","Amber","Amber","Amber","Amber","Amber","Amber","Amber","Amber","Amber","Amber","Amber","Amber","Amber","Amber","Amber","Amber","Amber","Amber",NA,NA,NA,NA,NA,NA,NA,NA,NA,NA,NA,NA,NA,"Ghana"
"70","Green","Green","Green","Green","Green","Green","Green","Green","Green","Green","Green","Green","Green","Green","Green","Green","Green","Green","Green","Green","Green","Green","Green","Green","Green","Green","Green","Green","Green","Green","Green","Green","Green","Green","Green","Green","Green","Green","Green",NA,NA,NA,NA,NA,NA,NA,NA,NA,NA,NA,NA,NA,"Gibraltar"
"71","Amber","Amber","Amber","Amber","Amber","Amber","Amber","Amber","Amber","Amber","Amber","Amber","Amber","Amber","Amber","Amber","Amber","Amber","Amber","Amber","Amber","Amber","Amber","Amber","Amber","Amber","Amber","Amber","Amber","Amber","Amber","Amber","Amber","Amber","Amber","Amber","Amber","Amber","Amber",NA,NA,NA,NA,NA,NA,NA,NA,NA,NA,NA,NA,NA,"Greece"
"72","Green","Green","Green","Green","Green","Green","Green","Green","Green","Green","Green","Green","Green","Green","Green","Green","Green","Green","Green","Green","Green","Green","Green","Green","Green","Green","Green","Green","Green","Green","Green","Green","Green","Green","Green","Green","Green","Green","Green",NA,NA,NA,NA,NA,NA,NA,NA,NA,NA,NA,NA,NA,"Grenada"
"73","Amber","Amber","Amber","Amber","Amber","Amber","Amber","Amber","Amber","Amber","Amber","Amber","Amber","Amber","Amber","Amber","Amber","Amber","Amber","Amber","Amber","Amber","Amber","Amber","Amber","Amber","Amber","Amber","Amber","Amber","Amber","Amber","Amber","Amber","Amber","Amber","Amber","Amber","Amber",NA,NA,NA,NA,NA,NA,NA,NA,NA,NA,NA,NA,NA,"Guatemala"
"74","Green","Green","Green","Green","Green","Green","Green","Green","Green","Green","Green","Green","Green","Green","Green","Green","Green","Green","Green","Green","Green","Green","Green","Green","Green","Green","Green","Green","Green","Green","Green","Green","Green","Green","Green","Green","Green","Green","Green",NA,NA,NA,NA,NA,NA,NA,NA,NA,NA,NA,NA,NA,"Guernsey"
"75","Amber","Amber","Amber","Amber","Amber","Amber","Amber","Amber","Amber","Amber","Amber","Amber","Amber","Amber","Amber","Amber","Amber","Amber","Amber","Amber","Amber","Amber","Amber","Amber","Amber","Amber","Amber","Amber","Amber","Amber","Amber","Amber","Amber","Amber","Amber","Amber","Amber","Amber","Amber",NA,NA,NA,NA,NA,NA,NA,NA,NA,NA,NA,NA,NA,"Guinea"
"76","Amber","Amber","Amber","Amber","Amber","Amber","Amber","Amber","Amber","Amber","Amber","Amber","Amber","Amber","Amber","Amber","Amber","Amber","Amber","Amber","Amber","Amber","Amber","Amber","Amber","Amber","Amber","Amber","Amber","Amber","Amber","Amber","Amber","Amber","Amber","Amber","Amber","Amber","Amber",NA,NA,NA,NA,NA,NA,NA,NA,NA,NA,NA,NA,NA,"Guinea-Bissau"
"77","Red","Red","Red","Red","Red","Red","Red","Red","Red","Red","Red","Red","Red","Red","Red","Red","Red","Red","Red","Red","Red","Red","Red","Red","Red","Red","Red","Red","Red","Red","Red","Red","Red","Red","Red","Red","Red","Red","Red",NA,NA,NA,NA,NA,NA,NA,NA,NA,NA,NA,NA,NA,"Guyana"
"78","Red","Red","Red","Red","Red","Red","Red","Red","Red","Red","Red","Red","Red","Red","Red","Red","Red","Red","Red","Red","Red","Red","Red","Red","Red","Red","Red","Red","Red","Red","Red","Red","Red","Red","Red","Red","Red","Red","Red",NA,NA,NA,NA,NA,NA,NA,NA,NA,NA,NA,NA,NA,"Haiti"
"79","Amber","Amber","Amber","Amber","Amber","Amber","Amber","Amber","Amber","Amber","Amber","Amber","Amber","Amber","Amber","Amber","Amber","Amber","Amber","Amber","Amber","Amber","Amber","Amber","Amber","Amber","Amber","Amber","Amber","Amber","Amber","Amber","Amber","Amber","Amber","Amber","Amber","Amber","Amber",NA,NA,NA,NA,NA,NA,NA,NA,NA,NA,NA,NA,NA,"Honduras"
"80","Green","Green","Green","Green","Green","Green","Green","Green","Green","Green","Green","Green","Green","Green","Green","Green","Green","Green","Green","Green","Green","Green","Green","Green","Green","Green","Green","Green","Green","Green","Green","Green","Green","Green","Green","Green","Green","Green","Green",NA,NA,NA,NA,NA,NA,NA,NA,NA,NA,NA,NA,NA,"Hong Kong"
"81","Amber","Amber","Amber","Amber","Amber","Amber","Amber","Amber","Amber","Amber","Amber","Amber","Amber","Amber","Amber","Amber","Amber","Amber","Amber","Amber","Amber","Amber","Amber","Amber","Amber","Amber","Amber","Amber","Amber","Amber","Amber","Amber","Amber","Amber","Amber","Amber","Amber","Amber","Amber",NA,NA,NA,NA,NA,NA,NA,NA,NA,NA,NA,NA,NA,"Hungary"
"82","Green","Green","Green","Green","Green","Green","Green","Green","Green","Green","Green","Green","Green","Green","Green","Green","Green","Green","Green","Green","Green","Green","Green","Green","Green","Green","Green","Green","Green","Green","Green","Green","Green","Green","Green","Green","Green","Green","Green",NA,NA,NA,NA,NA,NA,NA,NA,NA,NA,NA,NA,NA,"Iceland"
"83","Amber","Amber","Amber","Amber","Amber","Amber","Amber","Amber","Amber","Amber","Amber","Amber","Amber","Amber","Amber","Amber","Amber","Amber","Amber","Amber","Amber","Amber","Amber","Amber","Amber","Amber","Amber","Amber","Amber","Amber","Amber","Amber","Amber","Amber","Amber","Amber","Amber","Amber","Amber",NA,NA,NA,NA,NA,NA,NA,NA,NA,NA,NA,NA,NA,"India"
"84","Red","Red","Red","Red","Red","Red","Red","Red","Red","Red","Red","Red","Red","Red","Red","Red","Red","Red","Red","Red","Red","Red","Red","Red","Red","Red","Red","Red","Red","Red","Red","Red","Red","Red","Red","Red","Red","Red","Red",NA,NA,NA,NA,NA,NA,NA,NA,NA,NA,NA,NA,NA,"Indonesia"
"85","Amber","Amber","Amber","Amber","Amber","Amber","Amber","Amber","Amber","Amber","Amber","Amber","Amber","Amber","Amber","Amber","Amber","Amber","Amber","Amber","Amber","Amber","Amber","Amber","Amber","Amber","Amber","Amber","Amber","Amber","Amber","Amber","Amber","Amber","Amber","Amber","Amber","Amber","Amber",NA,NA,NA,NA,NA,NA,NA,NA,NA,NA,NA,NA,NA,"Iran"
"86","Amber","Amber","Amber","Amber","Amber","Amber","Amber","Amber","Amber","Amber","Amber","Amber","Amber","Amber","Amber","Amber","Amber","Amber","Amber","Amber","Amber","Amber","Amber","Amber","Amber","Amber","Amber","Amber","Amber","Amber","Amber","Amber","Amber","Amber","Amber","Amber","Amber","Amber","Amber",NA,NA,NA,NA,NA,NA,NA,NA,NA,NA,NA,NA,NA,"Iraq"
"87","Green","Green","Green","Green","Green","Green","Green","Green","Green","Green","Green","Green","Green","Green","Green","Green","Green","Green","Green","Green","Green","Green","Green","Green","Green","Green","Green","Green","Green","Green","Green","Green","Green","Green","Green","Green","Green","Green","Green",NA,NA,NA,NA,NA,NA,NA,NA,NA,NA,NA,NA,NA,"Ireland"
"88","Green","Green","Green","Green","Green","Green","Green","Green","Green","Green","Green","Green","Green","Green","Green","Green","Green","Green","Green","Green","Green","Green","Green","Green","Green","Green","Green","Green","Green","Green","Green","Green","Green","Green","Green","Green","Green","Green","Green",NA,NA,NA,NA,NA,NA,NA,NA,NA,NA,NA,NA,NA,"Isle of Man"
"89","Green","Green","Green","Green","Green","Green","Green","Green","Green","Green","Green","Green","Green","Green","Green","Green","Green","Green","Green","Green","Green","Green","Green","Green","Green","Green","Green","Green","Green","Green","Green","Green","Green","Green","Green","Green","Green","Green","Green",NA,NA,NA,NA,NA,NA,NA,NA,NA,NA,NA,NA,NA,"Israel"
"90","Amber","Amber","Amber","Amber","Amber","Amber","Amber","Amber","Amber","Amber","Amber","Amber","Amber","Amber","Amber","Amber","Amber","Amber","Amber","Amber","Amber","Amber","Amber","Amber","Amber","Amber","Amber","Amber","Amber","Amber","Amber","Amber","Amber","Amber","Amber","Amber","Amber","Amber","Amber",NA,NA,NA,NA,NA,NA,NA,NA,NA,NA,NA,NA,NA,"Italy"
"91","Amber","Amber","Amber","Amber","Amber","Amber","Amber","Amber","Amber","Amber","Amber","Amber","Amber","Amber","Amber","Amber","Amber","Amber","Amber","Amber","Amber","Amber","Amber","Amber","Amber","Amber","Amber","Amber","Amber","Amber","Amber","Amber","Amber","Amber","Amber","Amber","Amber","Amber","Amber",NA,NA,NA,NA,NA,NA,NA,NA,NA,NA,NA,NA,NA,"Jamaica"
"92","Amber","Amber","Amber","Amber","Amber","Amber","Amber","Amber","Amber","Amber","Amber","Amber","Amber","Amber","Amber","Amber","Amber","Amber","Amber","Amber","Amber","Amber","Amber","Amber","Amber","Amber","Amber","Amber","Amber","Amber","Amber","Amber","Amber","Amber","Amber","Amber","Amber","Amber","Amber",NA,NA,NA,NA,NA,NA,NA,NA,NA,NA,NA,NA,NA,"Japan"
"93","Green","Green","Green","Green","Green","Green","Green","Green","Green","Green","Green","Green","Green","Green","Green","Green","Green","Green","Green","Green","Green","Green","Green","Green","Green","Green","Green","Green","Green","Green","Green","Green","Green","Green","Green","Green","Green","Green","Green",NA,NA,NA,NA,NA,NA,NA,NA,NA,NA,NA,NA,NA,"Jersey"
"94","Amber","Amber","Amber","Amber","Amber","Amber","Amber","Amber","Amber","Amber","Amber","Amber","Amber","Amber","Amber","Amber","Amber","Amber","Amber","Amber","Amber","Amber","Amber","Amber","Amber","Amber","Amber","Amber","Amber","Amber","Amber","Amber","Amber","Amber","Amber","Amber","Amber","Amber","Amber",NA,NA,NA,NA,NA,NA,NA,NA,NA,NA,NA,NA,NA,"Jordan"
"95","Amber","Amber","Amber","Amber","Amber","Amber","Amber","Amber","Amber","Amber","Amber","Amber","Amber","Amber","Amber","Amber","Amber","Amber","Amber","Amber","Amber","Amber","Amber","Amber","Amber","Amber","Amber","Amber","Amber","Amber","Amber","Amber","Amber","Amber","Amber","Amber","Amber","Amber","Amber",NA,NA,NA,NA,NA,NA,NA,NA,NA,NA,NA,NA,NA,"Kazakhstan"
"96","Red","Red","Red","Red","Red","Red","Red","Red","Red","Red","Red","Red","Red","Red","Red","Red","Red","Red","Red","Red","Red","Red","Red","Red","Red","Red","Red","Red","Red","Red","Red","Red","Red","Red","Red","Red","Red","Red","Red",NA,NA,NA,NA,NA,NA,NA,NA,NA,NA,NA,NA,NA,"Kenya"
"97","Amber","Amber","Amber","Amber","Amber","Amber","Amber","Amber","Amber","Amber","Amber","Amber","Amber","Amber","Amber","Amber","Amber","Amber","Amber","Amber","Amber","Amber","Amber","Amber","Amber","Amber","Amber","Amber","Amber","Amber","Amber","Amber","Amber","Amber","Amber","Amber","Amber","Amber","Amber",NA,NA,NA,NA,NA,NA,NA,NA,NA,NA,NA,NA,NA,"Kuwait"
"98","Amber","Amber","Amber","Amber","Amber","Amber","Amber","Amber","Amber","Amber","Amber","Amber","Amber","Amber","Amber","Amber","Amber","Amber","Amber","Amber","Amber","Amber","Amber","Amber","Amber","Amber","Amber","Amber","Amber","Amber","Amber","Amber","Amber","Amber","Amber","Amber","Amber","Amber","Amber",NA,NA,NA,NA,NA,NA,NA,NA,NA,NA,NA,NA,NA,"Kyrgyzstan"
"99","Amber","Amber","Amber","Amber","Amber","Amber","Amber","Amber","Amber","Amber","Amber","Amber","Amber","Amber","Amber","Amber","Amber","Amber","Amber","Amber","Amber","Amber","Amber","Amber","Amber","Amber","Amber","Amber","Amber","Amber","Amber","Red","Red","Red","Red","Red","Red","Red","Red",NA,NA,NA,NA,NA,NA,NA,NA,NA,NA,NA,NA,NA,"La Reunion"
"100","Amber","Amber","Amber","Amber","Amber","Amber","Amber","Amber","Amber","Amber","Amber","Amber","Amber","Amber","Amber","Amber","Amber","Amber","Amber","Amber","Amber","Amber","Amber","Amber","Amber","Amber","Amber","Amber","Amber","Amber","Amber","Amber","Amber","Amber","Amber","Amber","Amber","Amber","Amber",NA,NA,NA,NA,NA,NA,NA,NA,NA,NA,NA,NA,NA,"Laos"
"101","Amber","Amber","Amber","Amber","Amber","Amber","Amber","Amber","Amber","Amber","Amber","Amber","Amber","Amber","Amber","Amber","Amber","Amber","Amber","Amber","Amber","Amber","Amber","Amber","Amber","Amber","Amber","Amber","Amber","Amber","Amber","Green","Green","Green","Green","Green","Green","Green","Green",NA,NA,NA,NA,NA,NA,NA,NA,NA,NA,NA,NA,NA,"Latvia"
"102","Amber","Amber","Amber","Amber","Amber","Amber","Amber","Amber","Amber","Amber","Amber","Amber","Amber","Amber","Amber","Amber","Amber","Amber","Amber","Amber","Amber","Amber","Amber","Amber","Amber","Amber","Amber","Amber","Amber","Amber","Amber","Amber","Amber","Amber","Amber","Amber","Amber","Amber","Amber",NA,NA,NA,NA,NA,NA,NA,NA,NA,NA,NA,NA,NA,"Lebanon"
"103","Red","Red","Red","Red","Red","Red","Red","Red","Red","Red","Red","Red","Red","Red","Red","Red","Red","Red","Red","Red","Red","Red","Red","Red","Red","Red","Red","Red","Red","Red","Red","Red","Red","Red","Red","Red","Red","Red","Red",NA,NA,NA,NA,NA,NA,NA,NA,NA,NA,NA,NA,NA,"Lesotho"
"104","Amber","Amber","Amber","Amber","Amber","Amber","Amber","Amber","Amber","Amber","Amber","Amber","Amber","Amber","Amber","Amber","Amber","Amber","Amber","Amber","Amber","Amber","Amber","Amber","Amber","Amber","Amber","Amber","Amber","Amber","Amber","Amber","Amber","Amber","Green","Green","Green","Green","Green",NA,NA,NA,NA,NA,NA,NA,NA,NA,NA,NA,NA,NA,"Liechtenstein"
"105","Amber","Amber","Amber","Amber","Amber","Amber","Amber","Amber","Amber","Amber","Amber","Amber","Amber","Amber","Amber","Amber","Amber","Amber","Amber","Amber","Amber","Amber","Amber","Amber","Amber","Amber","Amber","Amber","Amber","Amber","Amber","Amber","Amber","Amber","Green","Green","Green","Green","Green",NA,NA,NA,NA,NA,NA,NA,NA,NA,NA,NA,NA,NA,"Lithuania"
"106","Amber","Amber","Amber","Amber","Amber","Amber","Amber","Amber","Amber","Amber","Amber","Amber","Amber","Amber","Amber","Amber","Amber","Amber","Amber","Amber","Amber","Amber","Amber","Amber","Amber","Amber","Amber","Amber","Amber","Amber","Amber","Amber","Amber","Amber","Amber","Amber","Amber","Amber","Amber",NA,NA,NA,NA,NA,NA,NA,NA,NA,NA,NA,NA,NA,"Luxembourg"
"107","Amber","Amber","Amber","Amber","Amber","Amber","Amber","Amber","Amber","Amber","Amber","Amber","Amber","Amber","Amber","Amber","Amber","Amber","Amber","Amber","Amber","Amber","Amber","Amber","Amber","Amber","Amber","Amber","Amber","Amber","Amber","Amber","Amber","Amber","Amber","Amber","Amber","Amber","Amber",NA,NA,NA,NA,NA,NA,NA,NA,NA,NA,NA,NA,NA,"Macedonia"
"108","Amber","Amber","Amber","Amber","Amber","Amber","Amber","Amber","Amber","Amber","Amber","Amber","Amber","Amber","Amber","Amber","Amber","Amber","Amber","Amber","Amber","Amber","Amber","Amber","Amber","Amber","Amber","Amber","Amber","Amber","Amber","Amber","Amber","Amber","Amber","Amber","Amber","Amber","Amber",NA,NA,NA,NA,NA,NA,NA,NA,NA,NA,NA,NA,NA,"Madagascar"
"109","Green","Green","Green","Green","Green","Green","Green","Green","Green","Green","Green","Green","Green","Green","Green","Green","Green","Green","Green","Green","Green","Green","Green","Green","Green","Green","Green","Green","Green","Green","Green","Green","Green","Green","Green","Green","Green","Green","Green",NA,NA,NA,NA,NA,NA,NA,NA,NA,NA,NA,NA,NA,"Madeira"
"110","Red","Red","Red","Red","Red","Red","Red","Red","Red","Red","Red","Red","Red","Red","Red","Red","Red","Red","Red","Red","Red","Red","Red","Red","Red","Red","Red","Red","Red","Red","Red","Red","Red","Red","Red","Red","Red","Red","Red",NA,NA,NA,NA,NA,NA,NA,NA,NA,NA,NA,NA,NA,"Malawi"
"111","Amber","Amber","Amber","Amber","Amber","Amber","Amber","Amber","Amber","Amber","Amber","Amber","Amber","Amber","Amber","Amber","Amber","Amber","Amber","Amber","Amber","Amber","Amber","Amber","Amber","Amber","Amber","Amber","Amber","Amber","Amber","Amber","Amber","Amber","Amber","Amber","Amber","Amber","Amber",NA,NA,NA,NA,NA,NA,NA,NA,NA,NA,NA,NA,NA,"Malaysia"
"112","Red","Red","Red","Red","Red","Red","Red","Red","Red","Red","Red","Red","Red","Red","Red","Red","Red","Red","Red","Red","Red","Red","Red","Red","Red","Red","Red","Red","Red","Red","Red","Red","Red","Red","Red","Red","Red","Red","Red",NA,NA,NA,NA,NA,NA,NA,NA,NA,NA,NA,NA,NA,"Maldives"
"113","Amber","Amber","Amber","Amber","Amber","Amber","Amber","Amber","Amber","Amber","Amber","Amber","Amber","Amber","Amber","Amber","Amber","Amber","Amber","Amber","Amber","Amber","Amber","Amber","Amber","Amber","Amber","Amber","Amber","Amber","Amber","Amber","Amber","Amber","Amber","Amber","Amber","Amber","Amber",NA,NA,NA,NA,NA,NA,NA,NA,NA,NA,NA,NA,NA,"Mali"
"114","Green","Green","Green","Green","Green","Green","Green","Green","Green","Green","Green","Green","Green","Green","Green","Green","Green","Green","Green","Green","Green","Green","Green","Green","Green","Green","Green","Green","Green","Green","Green","Green","Green","Green","Green","Green","Green","Green","Green",NA,NA,NA,NA,NA,NA,NA,NA,NA,NA,NA,NA,NA,"Malta"
"115","Amber","Amber","Amber","Amber","Amber","Amber","Amber","Amber","Amber","Amber","Amber","Amber","Amber","Amber","Amber","Amber","Amber","Amber","Amber","Amber","Amber","Amber","Amber","Amber","Amber","Amber","Amber","Amber","Amber","Amber","Amber","Amber","Amber","Amber","Amber","Amber","Amber","Amber","Amber",NA,NA,NA,NA,NA,NA,NA,NA,NA,NA,NA,NA,NA,"Mauritania"
"116","Amber","Amber","Amber","Amber","Amber","Amber","Amber","Amber","Amber","Amber","Amber","Amber","Amber","Amber","Amber","Amber","Amber","Amber","Amber","Amber","Amber","Amber","Amber","Amber","Amber","Amber","Amber","Amber","Amber","Amber","Amber","Amber","Amber","Amber","Amber","Amber","Amber","Amber","Amber",NA,NA,NA,NA,NA,NA,NA,NA,NA,NA,NA,NA,NA,"Mauritius"
"117","Amber","Amber","Amber","Amber","Amber","Amber","Amber","Amber","Amber","Amber","Amber","Amber","Amber","Amber","Amber","Amber","Amber","Amber","Amber","Amber","Amber","Amber","Amber","Amber","Amber","Amber","Amber","Amber","Amber","Amber","Amber","Red","Red","Red","Red","Red","Red","Red","Red",NA,NA,NA,NA,NA,NA,NA,NA,NA,NA,NA,NA,NA,"Mayotte"
"118","Amber","Amber","Amber","Amber","Amber","Amber","Amber","Amber","Amber","Amber","Amber","Amber","Amber","Amber","Amber","Amber","Amber","Amber","Amber","Amber","Amber","Amber","Amber","Amber","Amber","Amber","Amber","Amber","Amber","Amber","Amber","Red","Red","Red","Red","Red","Red","Red","Red",NA,NA,NA,NA,NA,NA,NA,NA,NA,NA,NA,NA,NA,"Mexico"
"119","Amber","Amber","Amber","Amber","Amber","Amber","Amber","Amber","Amber","Amber","Amber","Amber","Amber","Amber","Amber","Amber","Amber","Amber","Amber","Amber","Amber","Amber","Amber","Amber","Amber","Amber","Amber","Amber","Amber","Amber","Amber","Amber","Amber","Amber","Amber","Amber","Amber","Amber","Amber",NA,NA,NA,NA,NA,NA,NA,NA,NA,NA,NA,NA,NA,"Moldova"
"120","Red","Red","Red","Red","Red","Red","Red","Red","Red","Red","Red","Red","Red","Red","Red","Red","Red","Red","Red","Red","Red","Red","Red","Red","Red","Red","Red","Red","Red","Red","Red","Red","Red","Red","Red","Red","Red","Red","Red",NA,NA,NA,NA,NA,NA,NA,NA,NA,NA,NA,NA,NA,"Mongolia"
"121","Amber","Amber","Amber","Amber","Amber","Amber","Amber","Amber","Amber","Amber","Amber","Amber","Amber","Amber","Amber","Amber","Amber","Amber","Amber","Amber","Amber","Amber","Amber","Amber","Amber","Amber","Amber","Amber","Amber","Amber","Amber","Amber","Amber","Amber","Red","Red","Red","Red","Red",NA,NA,NA,NA,NA,NA,NA,NA,NA,NA,NA,NA,NA,"Montenegro"
"122","Green","Green","Green","Green","Green","Green","Green","Green","Green","Green","Green","Green","Green","Green","Green","Green","Green","Green","Green","Green","Green","Green","Green","Green","Green","Green","Green","Green","Green","Green","Green","Green","Green","Green","Green","Green","Green","Green","Green",NA,NA,NA,NA,NA,NA,NA,NA,NA,NA,NA,NA,NA,"Montserrat"
"123","Amber","Amber","Amber","Amber","Amber","Amber","Amber","Amber","Amber","Amber","Amber","Amber","Amber","Amber","Amber","Amber","Amber","Amber","Amber","Amber","Amber","Amber","Amber","Amber","Amber","Amber","Amber","Amber","Amber","Amber","Amber","Amber","Amber","Amber","Amber","Amber","Amber","Amber","Amber",NA,NA,NA,NA,NA,NA,NA,NA,NA,NA,NA,NA,NA,"Morocco"
"124","Red","Red","Red","Red","Red","Red","Red","Red","Red","Red","Red","Red","Red","Red","Red","Red","Red","Red","Red","Red","Red","Red","Red","Red","Red","Red","Red","Red","Red","Red","Red","Red","Red","Red","Red","Red","Red","Red","Red",NA,NA,NA,NA,NA,NA,NA,NA,NA,NA,NA,NA,NA,"Mozambique"
"125","Red","Red","Red","Red","Red","Red","Red","Red","Red","Red","Red","Red","Red","Red","Red","Red","Red","Red","Red","Red","Red","Red","Red","Red","Red","Red","Red","Red","Red","Red","Red","Red","Red","Red","Red","Red","Red","Red","Red",NA,NA,NA,NA,NA,NA,NA,NA,NA,NA,NA,NA,NA,"Myanmar"
"126","Red","Red","Red","Red","Red","Red","Red","Red","Red","Red","Red","Red","Red","Red","Red","Red","Red","Red","Red","Red","Red","Red","Red","Red","Red","Red","Red","Red","Red","Red","Red","Red","Red","Red","Red","Red","Red","Red","Red",NA,NA,NA,NA,NA,NA,NA,NA,NA,NA,NA,NA,NA,"Namibia"
"127","Red","Red","Red","Red","Red","Red","Red","Red","Red","Red","Red","Red","Red","Red","Red","Red","Red","Red","Red","Red","Red","Red","Red","Red","Red","Red","Red","Red","Red","Red","Red","Red","Red","Red","Red","Red","Red","Red","Red",NA,NA,NA,NA,NA,NA,NA,NA,NA,NA,NA,NA,NA,"Nepal"
"128","Amber","Amber","Amber","Amber","Amber","Amber","Amber","Amber","Amber","Amber","Amber","Amber","Amber","Amber","Amber","Amber","Amber","Amber","Amber","Amber","Amber","Amber","Amber","Amber","Amber","Amber","Amber","Amber","Amber","Amber","Amber","Amber","Amber","Amber","Amber","Amber","Amber","Amber","Amber",NA,NA,NA,NA,NA,NA,NA,NA,NA,NA,NA,NA,NA,"Netherlands"
"129","Green","Green","Green","Green","Green","Green","Green","Green","Green","Green","Green","Green","Green","Green","Green","Green","Green","Green","Green","Green","Green","Green","Green","Green","Green","Green","Green","Green","Green","Green","Green","Green","Green","Green","Green","Green","Green","Green","Green",NA,NA,NA,NA,NA,NA,NA,NA,NA,NA,NA,NA,NA,"New Zealand"
"130","Amber","Amber","Amber","Amber","Amber","Amber","Amber","Amber","Amber","Amber","Amber","Amber","Amber","Amber","Amber","Amber","Amber","Amber","Amber","Amber","Amber","Amber","Amber","Amber","Amber","Amber","Amber","Amber","Amber","Amber","Amber","Amber","Amber","Amber","Amber","Amber","Amber","Amber","Amber",NA,NA,NA,NA,NA,NA,NA,NA,NA,NA,NA,NA,NA,"Nicaragua"
"131","Amber","Amber","Amber","Amber","Amber","Amber","Amber","Amber","Amber","Amber","Amber","Amber","Amber","Amber","Amber","Amber","Amber","Amber","Amber","Amber","Amber","Amber","Amber","Amber","Amber","Amber","Amber","Amber","Amber","Amber","Amber","Amber","Amber","Amber","Amber","Amber","Amber","Amber","Amber",NA,NA,NA,NA,NA,NA,NA,NA,NA,NA,NA,NA,NA,"Niger"
"132","Amber","Amber","Amber","Amber","Amber","Amber","Amber","Amber","Amber","Amber","Amber","Amber","Amber","Amber","Amber","Amber","Amber","Amber","Amber","Amber","Amber","Amber","Amber","Amber","Amber","Amber","Amber","Amber","Amber","Amber","Amber","Amber","Amber","Amber","Amber","Amber","Amber","Amber","Amber",NA,NA,NA,NA,NA,NA,NA,NA,NA,NA,NA,NA,NA,"Nigeria"
"133","Amber","Amber","Amber","Amber","Amber","Amber","Amber","Amber","Amber","Amber","Amber","Amber","Amber","Amber","Amber","Amber","Amber","Amber","Amber","Amber","Amber","Amber","Amber","Amber","Amber","Amber","Amber","Amber","Amber","Amber","Amber","Green","Green","Green","Green","Green","Green","Green","Green",NA,NA,NA,NA,NA,NA,NA,NA,NA,NA,NA,NA,NA,"Norway"
"134","Red","Red","Red","Red","Red","Red","Red","Red","Red","Red","Red","Red","Red","Red","Red","Red","Red","Red","Red","Red","Red","Red","Red","Red","Red","Red","Red","Red","Red","Red","Red","Red","Red","Red","Red","Red","Red","Red","Red",NA,NA,NA,NA,NA,NA,NA,NA,NA,NA,NA,NA,NA,"Oman"
"135","Red","Red","Red","Red","Red","Red","Red","Red","Red","Red","Red","Red","Red","Red","Red","Red","Red","Red","Red","Red","Red","Red","Red","Red","Red","Red","Red","Red","Red","Red","Red","Red","Red","Red","Red","Red","Red","Red","Red",NA,NA,NA,NA,NA,NA,NA,NA,NA,NA,NA,NA,NA,"Pakistan"
"136","Red","Red","Red","Red","Red","Red","Red","Red","Red","Red","Red","Red","Red","Red","Red","Red","Red","Red","Red","Red","Red","Red","Red","Red","Red","Red","Red","Red","Red","Red","Red","Red","Red","Red","Red","Red","Red","Red","Red",NA,NA,NA,NA,NA,NA,NA,NA,NA,NA,NA,NA,NA,"Panama"
"137","Amber","Amber","Amber","Amber","Amber","Amber","Amber","Amber","Amber","Amber","Amber","Amber","Amber","Amber","Amber","Amber","Amber","Amber","Amber","Amber","Amber","Amber","Amber","Amber","Amber","Amber","Amber","Amber","Amber","Amber","Amber","Amber","Amber","Amber","Amber","Amber","Amber","Amber","Amber",NA,NA,NA,NA,NA,NA,NA,NA,NA,NA,NA,NA,NA,"Papua New Guinea"
"138","Red","Red","Red","Red","Red","Red","Red","Red","Red","Red","Red","Red","Red","Red","Red","Red","Red","Red","Red","Red","Red","Red","Red","Red","Red","Red","Red","Red","Red","Red","Red","Red","Red","Red","Red","Red","Red","Red","Red",NA,NA,NA,NA,NA,NA,NA,NA,NA,NA,NA,NA,NA,"Paraguay"
"139","Red","Red","Red","Red","Red","Red","Red","Red","Red","Red","Red","Red","Red","Red","Red","Red","Red","Red","Red","Red","Red","Red","Red","Red","Red","Red","Red","Red","Red","Red","Red","Red","Red","Red","Red","Red","Red","Red","Red",NA,NA,NA,NA,NA,NA,NA,NA,NA,NA,NA,NA,NA,"Peru"
"140","Red","Red","Red","Red","Red","Red","Red","Red","Red","Red","Red","Red","Red","Red","Red","Red","Red","Red","Red","Red","Red","Red","Red","Red","Red","Red","Red","Red","Red","Red","Red","Red","Red","Red","Red","Red","Red","Red","Red",NA,NA,NA,NA,NA,NA,NA,NA,NA,NA,NA,NA,NA,"Philippines"
"141","Green","Green","Green","Green","Green","Green","Green","Green","Green","Green","Green","Green","Green","Green","Green","Green","Green","Green","Green","Green","Green","Green","Green","Green","Green","Green","Green","Green","Green","Green","Green","Green","Green","Green","Green","Green","Green","Green","Green",NA,NA,NA,NA,NA,NA,NA,NA,NA,NA,NA,NA,NA,"Pitcairn Islands"
"142","Amber","Amber","Amber","Amber","Amber","Amber","Amber","Amber","Amber","Amber","Amber","Amber","Amber","Amber","Amber","Amber","Amber","Amber","Amber","Amber","Amber","Amber","Amber","Amber","Amber","Amber","Amber","Amber","Amber","Amber","Amber","Amber","Amber","Amber","Amber","Amber","Amber","Amber","Amber",NA,NA,NA,NA,NA,NA,NA,NA,NA,NA,NA,NA,NA,"Poland"
"143","Amber","Amber","Amber","Amber","Amber","Amber","Amber","Amber","Amber","Amber","Amber","Amber","Amber","Amber","Amber","Amber","Amber","Amber","Amber","Amber","Amber","Amber","Amber","Amber","Amber","Amber","Amber","Amber","Amber","Amber","Amber","Amber","Amber","Amber","Amber","Amber","Amber","Amber","Amber",NA,NA,NA,NA,NA,NA,NA,NA,NA,NA,NA,NA,NA,"Portugal"
"144","Amber","Amber","Amber","Amber","Amber","Amber","Amber","Amber","Amber","Amber","Amber","Amber","Amber","Amber","Amber","Amber","Amber","Amber","Amber","Amber","Amber","Amber","Amber","Amber","Amber","Amber","Amber","Amber","Amber","Amber","Amber","Amber","Amber","Amber","Amber","Amber","Amber","Amber","Amber",NA,NA,NA,NA,NA,NA,NA,NA,NA,NA,NA,NA,NA,"Qatar"
"145","Amber","Amber","Amber","Amber","Amber","Amber","Amber","Amber","Amber","Amber","Amber","Amber","Amber","Amber","Amber","Amber","Amber","Amber","Amber","Amber","Amber","Amber","Amber","Amber","Amber","Amber","Amber","Amber","Amber","Amber","Amber","Green","Green","Green","Green","Green","Green","Green","Green",NA,NA,NA,NA,NA,NA,NA,NA,NA,NA,NA,NA,NA,"Romania"
"146","Amber","Amber","Amber","Amber","Amber","Amber","Amber","Amber","Amber","Amber","Amber","Amber","Amber","Amber","Amber","Amber","Amber","Amber","Amber","Amber","Amber","Amber","Amber","Amber","Amber","Amber","Amber","Amber","Amber","Amber","Amber","Amber","Amber","Amber","Amber","Amber","Amber","Amber","Amber",NA,NA,NA,NA,NA,NA,NA,NA,NA,NA,NA,NA,NA,"Russia"
"147","Red","Red","Red","Red","Red","Red","Red","Red","Red","Red","Red","Red","Red","Red","Red","Red","Red","Red","Red","Red","Red","Red","Red","Red","Red","Red","Red","Red","Red","Red","Red","Red","Red","Red","Red","Red","Red","Red","Red",NA,NA,NA,NA,NA,NA,NA,NA,NA,NA,NA,NA,NA,"Rwanda"
"148","Green","Green","Green","Green","Green","Green","Green","Green","Green","Green","Green","Green","Green","Green","Green","Green","Green","Green","Green","Green","Green","Green","Green","Green","Green","Green","Green","Green","Green","Green","Green","Green","Green","Green","Green","Green","Green","Green","Green",NA,NA,NA,NA,NA,NA,NA,NA,NA,NA,NA,NA,NA,"Saint Helena, Ascension and Tristan da Cunha"
"149","Amber","Amber","Amber","Amber","Amber","Amber","Amber","Amber","Amber","Amber","Amber","Amber","Amber","Amber","Amber","Amber","Amber","Amber","Amber","Amber","Amber","Amber","Amber","Amber","Amber","Amber","Amber","Amber","Amber","Amber","Amber","Amber","Amber","Amber","Amber","Amber","Amber","Amber","Amber",NA,NA,NA,NA,NA,NA,NA,NA,NA,NA,NA,NA,NA,"Saudi Arabia"
"150","Green","Green","Green","Green","Green","Green","Green","Green","Green","Green","Green","Green","Green","Green","Green","Green","Green","Green","Green","Green","Green","Green","Green","Green","Green","Green","Green","Green","Green","Green","Green","Green","Green","Green","Green","Green","Green","Green","Green",NA,NA,NA,NA,NA,NA,NA,NA,NA,NA,NA,NA,NA,"Scotland"
"151","Amber","Amber","Amber","Amber","Amber","Amber","Amber","Amber","Amber","Amber","Amber","Amber","Amber","Amber","Amber","Amber","Amber","Amber","Amber","Amber","Amber","Amber","Amber","Amber","Amber","Amber","Amber","Amber","Amber","Amber","Amber","Amber","Amber","Amber","Amber","Amber","Amber","Amber","Amber",NA,NA,NA,NA,NA,NA,NA,NA,NA,NA,NA,NA,NA,"Senegal"
"152","Red","Red","Red","Red","Red","Red","Red","Red","Red","Red","Red","Red","Red","Red","Red","Red","Red","Red","Red","Red","Red","Red","Red","Red","Red","Red","Red","Red","Red","Red","Red","Red","Red","Red","Red","Red","Red","Red","Red",NA,NA,NA,NA,NA,NA,NA,NA,NA,NA,NA,NA,NA,"Seychelles"
"153","Red","Red","Red","Red","Red","Red","Red","Red","Red","Red","Red","Red","Red","Red","Red","Red","Red","Red","Red","Red","Red","Red","Red","Red","Red","Red","Red","Red","Red","Red","Red","Red","Red","Red","Red","Red","Red","Red","Red",NA,NA,NA,NA,NA,NA,NA,NA,NA,NA,NA,NA,NA,"Sierra Leone"
"154","Green","Green","Green","Green","Green","Green","Green","Green","Green","Green","Green","Green","Green","Green","Green","Green","Green","Green","Green","Green","Green","Green","Green","Green","Green","Green","Green","Green","Green","Green","Green","Green","Green","Green","Green","Green","Green","Green","Green",NA,NA,NA,NA,NA,NA,NA,NA,NA,NA,NA,NA,NA,"Singapore"
"155","Amber","Amber","Amber","Amber","Amber","Amber","Amber","Amber","Amber","Amber","Amber","Amber","Amber","Amber","Amber","Amber","Amber","Amber","Amber","Amber","Amber","Amber","Amber","Amber","Amber","Amber","Amber","Amber","Amber","Amber","Amber","Green","Green","Green","Green","Green","Green","Green","Green",NA,NA,NA,NA,NA,NA,NA,NA,NA,NA,NA,NA,NA,"Slovakia"
"156","Amber","Amber","Amber","Amber","Amber","Amber","Amber","Amber","Amber","Amber","Amber","Amber","Amber","Amber","Amber","Amber","Amber","Amber","Amber","Amber","Amber","Amber","Amber","Amber","Amber","Amber","Amber","Amber","Amber","Amber","Amber","Green","Green","Green","Green","Green","Green","Green","Green",NA,NA,NA,NA,NA,NA,NA,NA,NA,NA,NA,NA,NA,"Slovenia"
"157","Amber","Amber","Amber","Amber","Amber","Amber","Amber","Amber","Amber","Amber","Amber","Amber","Amber","Amber","Amber","Amber","Amber","Amber","Amber","Amber","Amber","Amber","Amber","Amber","Amber","Amber","Amber","Amber","Amber","Amber","Amber","Amber","Amber","Amber","Amber","Amber","Amber","Amber","Amber",NA,NA,NA,NA,NA,NA,NA,NA,NA,NA,NA,NA,NA,"Solomon Islands"
"158","Red","Red","Red","Red","Red","Red","Red","Red","Red","Red","Red","Red","Red","Red","Red","Red","Red","Red","Red","Red","Red","Red","Red","Red","Red","Red","Red","Red","Red","Red","Red","Red","Red","Red","Red","Red","Red","Red","Red",NA,NA,NA,NA,NA,NA,NA,NA,NA,NA,NA,NA,NA,"Somalia"
"159","Red","Red","Red","Red","Red","Red","Red","Red","Red","Red","Red","Red","Red","Red","Red","Red","Red","Red","Red","Red","Red","Red","Red","Red","Red","Red","Red","Red","Red","Red","Red","Red","Red","Red","Red","Red","Red","Red","Red",NA,NA,NA,NA,NA,NA,NA,NA,NA,NA,NA,NA,NA,"South Africa"
"160","Green","Green","Green","Green","Green","Green","Green","Green","Green","Green","Green","Green","Green","Green","Green","Green","Green","Green","Green","Green","Green","Green","Green","Green","Green","Green","Green","Green","Green","Green","Green","Green","Green","Green","Green","Green","Green","Green","Green",NA,NA,NA,NA,NA,NA,NA,NA,NA,NA,NA,NA,NA,"South Georgia and the South Sandwich Islands"
"161","Amber","Amber","Amber","Amber","Amber","Amber","Amber","Amber","Amber","Amber","Amber","Amber","Amber","Amber","Amber","Amber","Amber","Amber","Amber","Amber","Amber","Amber","Amber","Amber","Amber","Amber","Amber","Amber","Amber","Amber","Amber","Amber","Amber","Amber","Amber","Amber","Amber","Amber","Amber",NA,NA,NA,NA,NA,NA,NA,NA,NA,NA,NA,NA,NA,"South Korea"
"162","Amber","Amber","Amber","Amber","Amber","Amber","Amber","Amber","Amber","Amber","Amber","Amber","Amber","Amber","Amber","Amber","Amber","Amber","Amber","Amber","Amber","Amber","Amber","Amber","Amber","Amber","Amber","Amber","Amber","Amber","Amber","Amber","Amber","Amber","Amber","Amber","Amber","Amber","Amber",NA,NA,NA,NA,NA,NA,NA,NA,NA,NA,NA,NA,NA,"Spain"
"163","Red","Red","Red","Red","Red","Red","Red","Red","Red","Red","Red","Red","Red","Red","Red","Red","Red","Red","Red","Red","Red","Red","Red","Red","Red","Red","Red","Red","Red","Red","Red","Red","Red","Red","Red","Red","Red","Red","Red",NA,NA,NA,NA,NA,NA,NA,NA,NA,NA,NA,NA,NA,"Sri Lanka"
"164","Red","Red","Red","Red","Red","Red","Red","Red","Red","Red","Red","Red","Red","Red","Red","Red","Red","Red","Red","Red","Red","Red","Red","Red","Red","Red","Red","Red","Red","Red","Red","Red","Red","Red","Red","Red","Red","Red","Red",NA,NA,NA,NA,NA,NA,NA,NA,NA,NA,NA,NA,NA,"Sudan"
"165","Red","Red","Red","Red","Red","Red","Red","Red","Red","Red","Red","Red","Red","Red","Red","Red","Red","Red","Red","Red","Red","Red","Red","Red","Red","Red","Red","Red","Red","Red","Red","Red","Red","Red","Red","Red","Red","Red","Red",NA,NA,NA,NA,NA,NA,NA,NA,NA,NA,NA,NA,NA,"Suriname"
"166","Amber","Amber","Amber","Amber","Amber","Amber","Amber","Amber","Amber","Amber","Amber","Amber","Amber","Amber","Amber","Amber","Amber","Amber","Amber","Amber","Amber","Amber","Amber","Amber","Amber","Amber","Amber","Amber","Amber","Amber","Amber","Amber","Amber","Amber","Amber","Amber","Amber","Amber","Amber",NA,NA,NA,NA,NA,NA,NA,NA,NA,NA,NA,NA,NA,"Swaziland"
"167","Amber","Amber","Amber","Amber","Amber","Amber","Amber","Amber","Amber","Amber","Amber","Amber","Amber","Amber","Amber","Amber","Amber","Amber","Amber","Amber","Amber","Amber","Amber","Amber","Amber","Amber","Amber","Amber","Amber","Amber","Amber","Amber","Amber","Amber","Amber","Amber","Amber","Amber","Amber",NA,NA,NA,NA,NA,NA,NA,NA,NA,NA,NA,NA,NA,"Sweden"
"168","Amber","Amber","Amber","Amber","Amber","Amber","Amber","Amber","Amber","Amber","Amber","Amber","Amber","Amber","Amber","Amber","Amber","Amber","Amber","Amber","Amber","Amber","Amber","Amber","Amber","Amber","Amber","Amber","Amber","Amber","Amber","Amber","Amber","Amber","Green","Green","Green","Green","Green",NA,NA,NA,NA,NA,NA,NA,NA,NA,NA,NA,NA,NA,"Switzerland"
"169","Amber","Amber","Amber","Amber","Amber","Amber","Amber","Amber","Amber","Amber","Amber","Amber","Amber","Amber","Amber","Amber","Amber","Amber","Amber","Amber","Amber","Amber","Amber","Amber","Amber","Amber","Amber","Amber","Amber","Amber","Amber","Amber","Amber","Amber","Amber","Amber","Amber","Amber","Amber",NA,NA,NA,NA,NA,NA,NA,NA,NA,NA,NA,NA,NA,"Syria"
"170","Green","Green","Green","Green","Green","Green","Green","Green","Green","Green","Green","Green","Green","Green","Green","Green","Green","Green","Green","Green","Green","Green","Green","Green","Green","Green","Green","Green","Green","Green","Green","Green","Green","Green","Green","Green","Green","Green","Green",NA,NA,NA,NA,NA,NA,NA,NA,NA,NA,NA,NA,NA,"Taiwan"
"171","Amber","Amber","Amber","Amber","Amber","Amber","Amber","Amber","Amber","Amber","Amber","Amber","Amber","Amber","Amber","Amber","Amber","Amber","Amber","Amber","Amber","Amber","Amber","Amber","Amber","Amber","Amber","Amber","Amber","Amber","Amber","Amber","Amber","Amber","Amber","Amber","Amber","Amber","Amber",NA,NA,NA,NA,NA,NA,NA,NA,NA,NA,NA,NA,NA,"Tajikistan"
"172","Red","Red","Red","Red","Red","Red","Red","Red","Red","Red","Red","Red","Red","Red","Red","Red","Red","Red","Red","Red","Red","Red","Red","Red","Red","Red","Red","Red","Red","Red","Red","Red","Red","Red","Red","Red","Red","Red","Red",NA,NA,NA,NA,NA,NA,NA,NA,NA,NA,NA,NA,NA,"Tanzania"
"173","Amber","Amber","Amber","Amber","Amber","Amber","Amber","Amber","Amber","Amber","Amber","Amber","Amber","Amber","Amber","Amber","Amber","Amber","Amber","Amber","Amber","Amber","Amber","Amber","Amber","Amber","Amber","Amber","Amber","Amber","Amber","Amber","Amber","Amber","Red","Red","Red","Red","Red",NA,NA,NA,NA,NA,NA,NA,NA,NA,NA,NA,NA,NA,"Thailand"
"174","Amber","Amber","Amber","Amber","Amber","Amber","Amber","Amber","Amber","Amber","Amber","Amber","Amber","Amber","Amber","Amber","Amber","Amber","Amber","Amber","Amber","Amber","Amber","Amber","Amber","Amber","Amber","Amber","Amber","Amber","Amber","Amber","Amber","Amber","Amber","Amber","Amber","Amber","Amber",NA,NA,NA,NA,NA,NA,NA,NA,NA,NA,NA,NA,NA,"Togo"
"175","Amber","Amber","Amber","Amber","Amber","Amber","Amber","Amber","Amber","Amber","Amber","Amber","Amber","Amber","Amber","Amber","Amber","Amber","Amber","Amber","Amber","Amber","Amber","Amber","Amber","Amber","Amber","Amber","Amber","Amber","Amber","Amber","Amber","Amber","Amber","Amber","Amber","Amber","Amber",NA,NA,NA,NA,NA,NA,NA,NA,NA,NA,NA,NA,NA,"Trinidad & Tobago"
"176","Red","Red","Red","Red","Red","Red","Red","Red","Red","Red","Red","Red","Red","Red","Red","Red","Red","Red","Red","Red","Red","Red","Red","Red","Red","Red","Red","Red","Red","Red","Red","Red","Red","Red","Red","Red","Red","Red","Red",NA,NA,NA,NA,NA,NA,NA,NA,NA,NA,NA,NA,NA,"Trinidad and Tobago"
"177","Red","Red","Red","Red","Red","Red","Red","Red","Red","Red","Red","Red","Red","Red","Red","Red","Red","Red","Red","Red","Red","Red","Red","Red","Red","Red","Red","Red","Red","Red","Red","Red","Red","Red","Red","Red","Red","Red","Red",NA,NA,NA,NA,NA,NA,NA,NA,NA,NA,NA,NA,NA,"Tunisia"
"178","Red","Red","Red","Red","Red","Red","Red","Red","Red","Red","Red","Red","Red","Red","Red","Red","Red","Red","Red","Red","Red","Red","Red","Red","Red","Red","Red","Red","Red","Red","Red","Red","Red","Red","Red","Red","Red","Red","Red",NA,NA,NA,NA,NA,NA,NA,NA,NA,NA,NA,NA,NA,"Turkey"
"179","Amber","Amber","Amber","Amber","Amber","Amber","Amber","Amber","Amber","Amber","Amber","Amber","Amber","Amber","Amber","Amber","Amber","Amber","Amber","Amber","Amber","Amber","Amber","Amber","Amber","Amber","Amber","Amber","Amber","Amber","Amber","Amber","Amber","Amber","Amber","Amber","Amber","Amber","Amber",NA,NA,NA,NA,NA,NA,NA,NA,NA,NA,NA,NA,NA,"Turkmenistan"
"180","Green","Green","Green","Green","Green","Green","Green","Green","Green","Green","Green","Green","Green","Green","Green","Green","Green","Green","Green","Green","Green","Green","Green","Green","Green","Green","Green","Green","Green","Green","Green","Green","Green","Green","Green","Green","Green","Green","Green",NA,NA,NA,NA,NA,NA,NA,NA,NA,NA,NA,NA,NA,"Turks and Caicos Islands"
"181","Red","Red","Red","Red","Red","Red","Red","Red","Red","Red","Red","Red","Red","Red","Red","Red","Red","Red","Red","Red","Red","Red","Red","Red","Red","Red","Red","Red","Red","Red","Red","Red","Red","Red","Red","Red","Red","Red","Red",NA,NA,NA,NA,NA,NA,NA,NA,NA,NA,NA,NA,NA,"Uganda"
"182","Amber","Amber","Amber","Amber","Amber","Amber","Amber","Amber","Amber","Amber","Amber","Amber","Amber","Amber","Amber","Amber","Amber","Amber","Amber","Amber","Amber","Amber","Amber","Amber","Amber","Amber","Amber","Amber","Amber","Amber","Amber","Amber","Amber","Amber","Amber","Amber","Amber","Amber","Amber",NA,NA,NA,NA,NA,NA,NA,NA,NA,NA,NA,NA,NA,"Ukraine"
"183","Amber","Amber","Amber","Amber","Amber","Amber","Amber","Amber","Amber","Amber","Amber","Amber","Amber","Amber","Amber","Amber","Amber","Amber","Amber","Amber","Amber","Amber","Amber","Amber","Amber","Amber","Amber","Amber","Amber","Amber","Amber","Amber","Amber","Amber","Amber","Amber","Amber","Amber","Amber",NA,NA,NA,NA,NA,NA,NA,NA,NA,NA,NA,NA,NA,"United Arab Emirates            "
"184","Amber","Amber","Amber","Amber","Amber","Amber","Amber","Amber","Amber","Amber","Amber","Amber","Amber","Amber","Amber","Amber","Amber","Amber","Amber","Amber","Amber","Amber","Amber","Amber","Amber","Amber","Amber","Amber","Amber","Amber","Amber","Amber","Amber","Amber","Amber","Amber","Amber","Amber","Amber",NA,NA,NA,NA,NA,NA,NA,NA,NA,NA,NA,NA,NA,"United Kingdom"
"185","Amber","Amber","Amber","Amber","Amber","Amber","Amber","Amber","Amber","Amber","Amber","Amber","Amber","Amber","Amber","Amber","Amber","Amber","Amber","Amber","Amber","Amber","Amber","Amber","Amber","Amber","Amber","Amber","Amber","Amber","Amber","Amber","Amber","Amber","Amber","Amber","Amber","Amber","Amber",NA,NA,NA,NA,NA,NA,NA,NA,NA,NA,NA,NA,NA,"United States"
"186","Red","Red","Red","Red","Red","Red","Red","Red","Red","Red","Red","Red","Red","Red","Red","Red","Red","Red","Red","Red","Red","Red","Red","Red","Red","Red","Red","Red","Red","Red","Red","Red","Red","Red","Red","Red","Red","Red","Red",NA,NA,NA,NA,NA,NA,NA,NA,NA,NA,NA,NA,NA,"Uruguay"
"187","Amber","Amber","Amber","Amber","Amber","Amber","Amber","Amber","Amber","Amber","Amber","Amber","Amber","Amber","Amber","Amber","Amber","Amber","Amber","Amber","Amber","Amber","Amber","Amber","Amber","Amber","Amber","Amber","Amber","Amber","Amber","Amber","Amber","Amber","Amber","Amber","Amber","Amber","Amber",NA,NA,NA,NA,NA,NA,NA,NA,NA,NA,NA,NA,NA,"Uzbekistan"
"188","Red","Red","Red","Red","Red","Red","Red","Red","Red","Red","Red","Red","Red","Red","Red","Red","Red","Red","Red","Red","Red","Red","Red","Red","Red","Red","Red","Red","Red","Red","Red","Red","Red","Red","Red","Red","Red","Red","Red",NA,NA,NA,NA,NA,NA,NA,NA,NA,NA,NA,NA,NA,"Venezuela"
"189","Amber","Amber","Amber","Amber","Amber","Amber","Amber","Amber","Amber","Amber","Amber","Amber","Amber","Amber","Amber","Amber","Amber","Amber","Amber","Amber","Amber","Amber","Amber","Amber","Amber","Amber","Amber","Amber","Amber","Amber","Amber","Amber","Amber","Amber","Amber","Amber","Amber","Amber","Amber",NA,NA,NA,NA,NA,NA,NA,NA,NA,NA,NA,NA,NA,"Vietnam"
"190","Green","Green","Green","Green","Green","Green","Green","Green","Green","Green","Green","Green","Green","Green","Green","Green","Green","Green","Green","Green","Green","Green","Green","Green","Green","Green","Green","Green","Green","Green","Green","Green","Green","Green","Green","Green","Green","Green","Green",NA,NA,NA,NA,NA,NA,NA,NA,NA,NA,NA,NA,NA,"Wales"
"191","Amber","Amber","Amber","Amber","Amber","Amber","Amber","Amber","Amber","Amber","Amber","Amber","Amber","Amber","Amber","Amber","Amber","Amber","Amber","Amber","Amber","Amber","Amber","Amber","Amber","Amber","Amber","Amber","Amber","Amber","Amber","Amber","Amber","Amber","Amber","Amber","Amber","Amber","Amber",NA,NA,NA,NA,NA,NA,NA,NA,NA,NA,NA,NA,NA,"Yemen"
"192","Red","Red","Red","Red","Red","Red","Red","Red","Red","Red","Red","Red","Red","Red","Red","Red","Red","Red","Red","Red","Red","Red","Red","Red","Red","Red","Red","Red","Red","Red","Red","Red","Red","Red","Red","Red","Red","Red","Red",NA,NA,NA,NA,NA,NA,NA,NA,NA,NA,NA,NA,NA,"Zambia"
"193","Red","Red","Red","Red","Red","Red","Red","Red","Red","Red","Red","Red","Red","Red","Red","Red","Red","Red","Red","Red","Red","Red","Red","Red","Red","Red","Red","Red","Red","Red","Red","Red","Red","Red","Red","Red","Red","Red","Red",NA,NA,NA,NA,NA,NA,NA,NA,NA,NA,NA,NA,NA,"Zimbabwe"
